katyperry,0
justinbieber,0
barackobama,0
rihanna,0
taylorswift13,0
ladygaga,0
theellenshow,0
cristiano,0
youtube,0
jtimberlake,0
arianagrande,0
kimkardashian,0
ddlovato,0
selenagomez,0
realdonaldtrump,0
britneyspears,0
twitter,0
shakira,0
jimmyfallon,0
billgates,0
narendramodi,0
jlo,0
brunomars,0
kingjames,0
neymarjr,0
oprah,0
mileycyrus,0
niallofficial,0
drake,0
iamsrk,0
instagram,0
srbachchan,0
beingsalmankhan,0
sportscenter,0
kevinhart4real,0
liltunechi,0
wizkhalifa,0
louis_tomlinson,0
harry_styles,0
liampayne,0
pink,0
realmadrid,0
onedirection,0
nasa,0
aliciakeys,0
kaka,0
chrisbrown,0
kanyewest,0
akshaykumar,0
emmawatson,0
fcbarcelona,0
conanobrien,0
zaynmalik,0
adele,0
sachin_rt,0
imvkohli,0
pmoindia,0
nba,0
actuallynph,0
kendalljenner,0
pitbull,0
danieltosh,0
khloekardashian,0
kyliejenner,0
deepikapadukone,0
ihrithik,0
potus,0
aamir_khan,0
nfl,0
priyankachopra,0
elonmusk,0
kourtneykardash,0
hillaryclinton,0
coldplay,0
andresiniesta8,0
mesutozil1088,0
championsleague,0
eminem,0
natgeo,0
avrillavigne,0
davidguetta,0
arrahman,0
google,0
blakeshelton,0
shawnmendes,0
nickiminaj,0
mariahcarey,0
ricky_martin,0
alejandrosanz,0
edsheeran,0
3gerardpique,0
dalailama,0
LeoDiCaprio,0
premierleague,0
Dr_alqarnee,0
ManUtd,0
AnushkaSharma,0
aliaa08,0
StephenAtHome,0
virendersehwag,0
10Ronaldinho,0
JimCarrey,0
aplusk,0
jamesdrodriguez,0
shugairi,0
Pontifex,0
BTS_twt,0
AlArabiya_Brk,0
GarethBale11,0
SnoopDogg,0
agnezmo,0
KDTrey5,0
ParisHilton,0
WayneRooney,0
FALCAO,0
xtina,0
Pontifex_es,0
DaniloGentili,0
pewdiepie,0
ivetesangalo,0
camerondallas,0
RyanSeacrest,0
karanjohar,0
PlayStation,0
ZacEfron,0
radityadika,0
SergioRamos,0
TwitterVideo,0
RafaelNadal,0
tomhanks,0
ImRaina,0
TwitterSports,0
LuisSuarez9,0
paulocoelho,0
Forbes,0
Diddy,0
TwitterLatAm,0
POTUS44,0
detikcom,0
Beyonce,0
9GAG,0
VineCreators,0
SHAQ,0
maroon5,0
tyrabanks,0
jk_rowling,0
BigSean,0
juniorbachchan,0
ClaudiaLeitte,0
Zendaya,0
SethMacFarlane,0
ArvindKejriwal,0
enriqueiglesias,0
kobebryant,0
sonakshisinha,0
UberFacts,0
Arsenal,0
Alafasy,0
shahidkapoor,0
funnyordie,0
TreySongz,0
FCBarcelona_es,0
nickjonas,0
CMYLMZ,0
arunjaitley,0
voguemagazine,0
salman_alodah,0
bts_bighit,0
Asli_Jacqueline,0
facebook,0
RT_Erdogan,0
ObamaWhiteHouse,0
mangeshkarlata,0
marcosmion,0
CHANEL,0
elissakh,0
ashleytisdale,0
aguerosergiokun,0
TheRock,0
rickygervais,0
RealHughJackman,0
neiltyson,0
Xbox,0
StephenCurry30,0
UberSoc,0
NancyAjram,0
ImRo45,0
iamwill,0
AnupamPKher,0
TweetRAMALAN,0
ZoeSugg,0
CalvinHarris,0
victoriabeckham,0
KapilSharmaK9,0
stephenfry,0
VancityReynolds,0
ParineetiChopra,0
LucianoHuck,0
5SOS,0
SarahKSilverman,0
sabqorg,0
richardbranson,0
Rubiu5,0
Usher,0
FIFAcom,0
sonamakapoor,0
chetan_bhagat,0
johnlegend,0
rogerfederer,0
ChelseaFC,0
kelly_clarkson,0
AmitShah,0
RobertDowneyJr,0
SamsungMobile,0
SushmaSwaraj,0
TwitterMusic,0
FarOutAkhtar,0
rajnathsingh,0
markiplier,0
mindykaling,0
D_DeGea,0
JColeNC,0
SimonCowell,0
MichelleObama,0
thekiranbedi,0
XabiAlonso,0
rustyrockets,0
vicegandako,0
RedeGlobo,0
LittleMix,0
rafinhabastos,0
daddy_yankee,0
juanes,0
Ludacris,0
LunaMaya26,0
jimmykimmel,0
charliesheen,0
JohnCena,0
GermanGarmendia,0
Starbucks,0
programapanico,0
FLOTUS,0
kendricklamar,0
DisneyPixar,0
MarceloM12,0
Carles5puyol,0
ShraddhaKapoor,0
MarcAnthony,0
VictoriasSecret,0
PaulinaRubio,0
RanveerOfficial,0
cinema21,0
TEDTalks,0
SabrinaSato,0
NabilAlawadhy,0
billmaher,0
tim_cook,0
ciara,0
azizansari,0
LFC,0
serenawilliams,0
Pharrell,0
BillClinton,0
annecurtissmith,0
kata2bijak,0
sherinasinna,0
UN,0
chrissyteigen,0
jokowi,0
yuyacst,0
amrkhaled,0
Tatawerneck,0
Luke5SOS,0
143redangel,0
Michael5SOS,0
VictoriaJustice,0
Ricardo_Arjona,0
QueenRania,0
carlyraejepsen,0
rioferdy5,0
Alwaleed_Talal,0
BJP4India,0
Byoussef,0
JKCorden,0
Metro_TV,0
WWE,0
realwbonner,0
ChrisEvans,0
cuervotinelli,0
Android,0
luansantana,0
ajaydevgn,0
Caradelevingne,0
50cent,0
whindersson,0
realmadriden,0
EugenioDerbez,0
andersoncooper,0
g1,0
davidbisbal,0
halsey,0
KrisJenner,0
SBYudhoyono,0
theweeknd,0
CuteEmergency,0
afgansyah_reza,0
showdavida,0
Anahi,0
joejonas,0
Varun_dvn,0
gusttavo_lima,0
AustinMahone,0
TareqAlSuwaidan,0
cesc4official,0
LukeBryanOnline,0
connorfranta,0
RockstarGames,0
MarceloTas,0
Riteishd,0
TwitterLive,0
TwitterTV,0
amrdiab,0
maddow,0
thalia,0
NintendoAmerica,0
HashKSA,0
Trevornoah,0
Persie_Official,0
HHShkMohd,0
AppleMusic,0
colesprouse,0
Legendarios,0
LuisFonsi,0
CHAYANNEMUSIC,0
ashwinravi99,0
marcoluque,0
LanaDelRey,0
jessicaalba,0
carmeloanthony,0
harbhajan_singh,0
marcjacobs,0
SofiaVergara,0
CH14_,0
Benzema,0
BernieSanders,0
GiGiHadid,0
IBGDRGN,0
montanertwiter,0
yadavakhilesh,0
marioteguh,0
ImranKhanPTI,0
Guaje7Villa,0
MartinGarrix,0
lindsaylohan,0
JessieJ,0
AhlamAlShamsi,0
bernardokath,0
troyesivan,0
DavidLuiz_4,0
SidMalhotra,0
MacMiller,0
RaffiAhmadLagi,0
GautamGambhir,0
Pitty,0
LuceroMexico,0
MirzaSania,0
MariaSharapova,0
DaniAlvesD2,0
pepatah,0
BigHitEnt,0
vidialdiano,0
JoelOsteen,0
smritiirani,0
SteveMartinToGo,0
adamlevine,0
NewYorker,0
cbabdullahgul,0
channingtatum,0
TheWeirdWorld,0
sardesairajdeep,0
Tip,0
DjokerNole,0
realmadridarab,0
IkerCasillas,0
hm,0
Microsoft,0
raisa6690,0
Alhilal_FC,0
Burberry,0
carrieunderwood,0
ICC,0
steveaoki,0
werevertumorro,0
muyinteresante,0
GalatasaraySK,0
felipeneto,0
danielhowell,0
chelseahandler,0
MLB,0
RahulGandhi,0
BCCI,0
MonsieurDream,0
AristeguiOnline,0
France24_ar,0
VEJA,0
NoticiasCaracol,0
Mascherano,0
NSaina,0
Zedd,0
dhanushkraja,0
inijedar,0
bhogleharsha,0
Discovery,0
basuki_btp,0
Dior,0
SenSanders,0
FabioPorchat,0
officialjaden,0
lemondefr,0
chancetherapper,0
tylerthecreator,0
CarlosLoret,0
IAMQUEENLATIFAH,0
hootsuite,0
IGGYAZALEA,0
samsmith,0
DwyaneWade,0
FloydMayweather,0
SpiderAnderson,0
gadelmaleh,0
Anitta,0
thevirdas,0
HARDWELL,0
Sethrogen,0
lorde,0
JuanLuisGuerra,0
mcuban,0
SpaceX,0
TMCPoldaMetro,0
SamuelLJackson,0
TheDailyShow,0
Camila_Cabello,0
CP3,0
Nike,0
juanmata8,0
aajtak,0
imdanielpadilla,0
MoSalah,0
abdulrahman,0
cocielo,0
najwakaram,0
BBCSport,0
dog_rates,0
lopezdoriga,0
Swamy39,0
mbc1,0
NoticiasRCN,0
LMFAO,0
av_mvg,0
beats_by_bartas,0
austinhope10,0
KLASICS,0
t_burtner06,0
Flavian45360970,0
julianna__pratt,0
ZachAdding10,0
ovodyluhn,0
MdHelal25239056,0
JacobWaddyG,0
TreApostraphe,0
smackdownbeats,0
NATO4EVA3,0
JuseBeats,0
_chloemaxey,0
Kazerton,0
Swiss_Frankie,0
yggdrasilmgmt,0
Wieser_725,0
deesmiff_,0
Gifford13Amy,0
rottencloth,0
m25athi25s,0
BoiledMegZ,0
Grizzlybeatz,0
CurtissKing,0
LINKTHEPLUG,0
beatsbyvont,0
shadesof420,0
justicegwillia1,0
CultureShockUT,0
Mark_Pozega,0
LanieBug1998,0
shuaSHHHUUAAA__,0
TrizlyPromo,0
WOAHsabear,0
enmusic06,0
9thaudiobeats,0
LauraBabcock66,0
MixtapeBeatsYo,0
The_Newg,0
Alyssa37918,0
iamKritical,0
NickG_27,0
ZBallengwe,0
zentainanimo,0
A9one,0
drewcntrell,0
TheMidiMilitia,0
racheIcatherine,0
donbillionbeats,0
dangerzonebeats,0
taylornarain,0
rileythomas_21,0
MrScottEddy,0
strader_summer,0
Dat_Falpal,0
AveMcree,0
tANTxBLKFRMZ,0
wendycaroline_,0
mari_world_,0
chance_111,0
lilskyyyy,0
thetruerealness,0
itsJTDesigns,0
JonyBeats,0
JoeyCutless,0
ryleegriffis,0
wish4DonBillion,0
Naww217,0
SummitAve23,0
629_1350,0
AustinKesterson,0
ToriAprilPerry_,0
BestDJnames,0
Bass_Sick_Math,0
CoMoBeats,0
StephenTrewhitt,0
srrcreative,0
hannahv1998,0
Rooossseee__,0
kelsimiller18,0
MikeEastBeats,0
EricisWise,0
jesala16,0
WeAllSomeBosses,0
kc_sounds,0
Manoloray5,0
ayyyesIAN,0
shadowlover2020,0
kira_tempest_,0
NickBrownOnline,0
CharlesMelvin,0
nikkiic04,0
thelodaboi,0
maljenkins,0
KilljoyNeal,0
Orsophilia,0
SatiyaJewel,0
3f30d31fbf334cd,0
megan_whaley,0
MattisonJerian,0
yo_kayyla,0
lillezlie269,0
newerahiphoprnb,0
supervaledinsk1,0
volkanikbeats,0
Emma_walker18,0
IamJarricTucker,0
Verseunheard,0
Ryanna__Lee,0
katie_hueser,0
toro_saurus,0
ebethsmiddy16,0
knightlyknewss,0
Renee_Meres,0
scarycarrieg,0
SaaamCapps,0
sadlersnyder,0
jdsackie11,0
Saraseaton,0
taypritchett,0
ForThePanda,0
musicscouting,0
KiddoFinesse,0
hutcheson_alex,0
Benji3eyes,0
MatthewWalker51,0
UTILIZETIME24,0
iTreKing,0
zkulibko,0
ngolikhin,0
Zeek1997,0
than_parolari,0
seanoglesby1011,0
_Jeremy_B14,0
PublicistMusic,0
tr_king116,0
dude_bro_man_,0
Moth818,0
THEREALDJSHAWTY,0
_emmachristie_,0
TrakStarBeats,0
JirocaMusic,0
SkylerSivells,0
settle_hayden,0
KatieKmeade,0
10k_YHM,0
Jae1TRE,0
GhstFcV,0
maliabowlin,0
blakejones6760,0
brandohud,0
TRUGFX,0
GoofyWhiteDude,0
Callo_ferguson,0
_faulknerliz,0
Bwhite9512,0
Tyler___Davies,0
Jake_Seiber,0
kileyapalmer,0
MalloryAdams_,0
AllieIsTheName_,0
garrett_griffis,0
Addie_Morton,0
phillipclabough,0
IsaacBuell,0
autumn_rheaa,0
RapJunkiez,0
sarahnicole531,0
GeezyPromoTeam,0
BadLuckBrax,0
LexieReins,0
kdustin307,0
10st__Fredo,0
promoteTNC,0
E_lie_us,0
jaydensinghfiji,0
deepak_birhade,0
_youngtate58,0
saifaree,0
JBemari,0
traktrain,0
ScottyRockwell,0
parker0156,0
trenchlordb,0
HeatherMannis,0
MikeDrumBeatz,0
jawad22tkhissi,0
KeenApollo,0
865UGENE,0
Jayripleem10,0
Mito_kshkln,0
MTbeatz_,0
ShaynaFacts,0
PRhyme_Official,0
wrightrobby51,0
JackBrown64,0
acmebeans,0
Selenaperez06,0
Kenton__Smith,0
jaredlhuskey,0
HULKaba,0
codahall,0
RMoncier,0
jodibowlin,0
Moolbrelyt,0
harrison44_,0
KalebCooper_3,0
kenzieday14,0
annalindsey_,0
KimberlyCoffey8,0
big_helton,0
JacobAdams97,0
tyler_george52,0
LegendaryMonty,0
emily_wise13,0
bonnieallisonnn,0
jack_wiggers,0
IsaacEwers,0
ICECOLDBILL,0
lyndonwilson_,0
mellyme00,0
LiamWal57513876,0
klm7435,0
lenitatomas,0
EscamiPeter,0
jsdhoover,0
DatBroTre,0
hanyunw,0
maria_jennifer0,0
Sana237853261,0
gaz___membrane,0
MattByrd17,0
wingfree1,0
divinemakeup1_,0
madison_barron2,0
edwardson_mia,0
charliebyrd2,0
akers_trey,0
bettisthedaniel,0
NickJoray99,0
just_ice246,0
BroganWebber,0
kasen5beast,0
Central_Bsbl,0
RacecaR122,0
2Dank4Jew,0
H_Siedler,0
blakelynicoleee,0
jdr2698,0
OneTimeInFTC,0
BALDERASOSCAR,0
charlytopper1,0
zach_dunn32,0
BremeFTW,0
lcress0430,0
TNGridironScout,0
mychickbad2014,0
themexicangirl_,0
mmahan22,0
stevio_gideon,0
TheAdamSnyder,0
rebelbabe212,0
LimbaughZayne,0
laura_biddle,0
holly_mccool,0
chelsey_ferrell,0
jimmcintyreedit,0
DopeHouses,0
julianmball,0
AlexHinton75,0
lilChunn,0
_bthuffy,0
STEVETREWHITT1,0
CentralCelery,0
TheOrangeBobcat,0
chloe_patt18,0
ChrisAlleman,0
___HALEIGH,0
AliyahMcCane212,0
GabinaGh,0
NFZwhitt5,0
little_orphan_a,0
Knoxstartshere,0
donttrythis,0
SimoneGiertz,0
HBO,0
AcademiaObscura,0
redpenblackpen,0
terns,0
TwitterU,0
asusensip,0
patio11,0
jisungkimm,0
KnoxDataSci,0
jessfraz,0
kayvz,0
5Ten,0
GrippedMagazine,0
USAClimbing,0
ClimbMagazine,0
mccollsean,0
AlpinistMag,0
fermatslibrary,0
PHDcomics,0
UCBerkeley,0
nyuniversity,0
UndergradAward,0
UTRF,0
MetoliusClimb,0
americanalpine,0
climbermagazine,0
shaunacoxsey,0
scott_e_reed,0
yeewhye,0
tdietterich,0
syhw,0
fhuszar,0
yaringal,0
notmisha,0
lawrennd,0
johnplattml,0
AnimaAnandkumar,0
_dianakris,0
Tanmoy_Chak,0
nipun_batra,0
jack_kelly,0
HackwithGithub,0
maddiestone,0
OverTheWireCTF,0
HackingDave,0
RobertMLee,0
MalwareJake,0
malwareunicorn,0
k8em0,0
mattblaze,0
knoxville_js,0
knoxdotnet,0
KnoxGameDesign,0
RachelTobac,0
genekogan,0
DrBeef_,0
BaiduResearch,0
alexjc,0
UTclubsports,0
HessHallUTK,0
UT_RecSports,0
Arcteryx,0
mammut,0
Sportiva,0
Marmot,0
BlackDiamond,0
backcountry,0
thenorthface,0
REI,0
outsidemagazine,0
ErikVoorhees,0
tanzeemc,0
elasri_layla,0
balajiln,0
shakir_za,0
ryan_p_adams,0
theophaneweber,0
egrefen,0
tejasdkulkarni,0
_rockt,0
danqi_chen,0
abigail_e_see,0
jonathonmorgan,0
chrisalbon,0
MalwareTechBlog,0
NUWildHacks,0
theHackNC,0
DavidDuvenaud,0
evacide,0
gneubig,0
yoavgo,0
dustinvtran,0
mikb0b,0
tkasasagi,0
suzatweet,0
dpkingma,0
janexwang,0
Benioff,0
sama,0
SalesforceDevs,0
ThePSF,0
PyTennessee,0
SwordShieldSec,0
hack_arizona,0
prozdkp,0
defcon865,0
KnoxJava,0
NashTechEvents,0
FunctionalKnox,0
CodeStock,0
HackMidwest,0
SpartaHack,0
UofTHacks,0
defcon,0
sparkfun,0
HackDuke,0
sapinker,0
instructables,0
TheHackGT,0
HackBeanpot,0
Revolution_UC,0
nwplusubc,0
j00ru,0
gynvael,0
0xAmit,0
Fox0x01,0
LiveOverflow,0
biz,0
TwitterData,0
jack,0
TwitterDev,0
makerfaire,0
hackadayio,0
SystersUTK,0
include_cpp,0
UTK_Housing,0
gogameguru,0
Yale_QI,0
quantumjournal,0
MSFTQuantum,0
uwcse,0
MSFTResearchCam,0
VisualStudio,0
IBMResearch,0
roberto_bayardo,0
edchi,0
earnmyturns,0
MSFTResearch,0
haldaume3,0
PyTorch,0
xkcdComic,0
Northeastern,0
TheCragTN,0
UTKnoxvilleNews,0
UTProPractice,0
EECS_UTK,0
UTKStudentLife,0
UTK_TCE,0
honorsutk,0
aaa_utk,0
ResearchUTK,0
UgradResearch,0
URSAutk,0
UToutdoor,0
VanderbiltU,0
UTKnoxville,0
rasbt,0
math_rachel,0
chrmanning,0
googletalks,0
seb_ruder,0
sirajraval,0
balajis,0
creativecommons,0
lessig,0
BlackRock_Eng,0
halvarflake,0
maithra_raghu,0
honglaklee,0
whi_rl,0
harvardnlp,0
andrey_kurenkov,0
roydanroy,0
memotv,0
kchonyc,0
ericjang11,0
samim,0
Smerity,0
zacharylipton,0
ch402,0
jeremyphoward,0
douglas_eck,0
jackclarkSF,0
Miles_Brundage,0
stevewoz,0
Space_Station,0
sundarpichai,0
satyanadella,0
StationCDRKelly,0
esa,0
GitHubCommunity,0
SwiftAlphaOne,0
jonmarkgo,0
GitHubEducation,0
BillNye,0
seanmcarroll,0
CERN,0
GSuiteDevs,0
hackerrank,0
codechef,0
Topcoder,0
googlecodejam,0
ChromiumDev,0
lifeatgoogle,0
googlestudents,0
fedora,0
gsoc,0
dotnet,0
reactjs,0
angular,0
nodejs,0
msdev,0
github,0
code,0
TheOfficialACM,0
GoogleOSS,0
linuxfoundation,0
UW,0
EdinburghUni,0
UMich,0
PalantirU,0
PalantirTech,0
CSAW_NYUTandon,0
cornell_tech,0
CornellEng,0
Cornell,0
NVIDIADC,0
kjorgeson,0
tommycaldwell1,0
AlexHonnold,0
sashadigiulian,0
ClimbingMag,0
rockandice,0
IFSClimbing,0
amazon,0
gdb,0
demishassabis,0
JeffDean,0
TwitterSafety,0
TwitterGov,0
TwitterSupport,0
TwitterOSS,0
RichardSocher,0
drfeifei,0
OpenAI,0
NalKalchbrenner,0
ShaneLegg,0
NeurIPSConf,0
DeepMind_Health,0
DeepMindAI,0
googledrive,0
googlemaps,0
googlechrome,0
GoogleAI,0
googledevs,0
NvidiaAI,0
chipro,0
stanfordnlp,0
mitdeeplearning,0
pgbovine,0
cmuhcii,0
PittTweet,0
mitsmr,0
MITSloan,0
StanfordGSB,0
HarvardHBS,0
Wharton,0
Penn,0
BrownUniversity,0
Columbia,0
Cambridge_Uni,0
UniofOxford,0
Harvard,0
Yale,0
thedavidbrumley,0
CyLab,0
CMU_ECE,0
Princeton,0
CMUEngineering,0
CarnegieMellon,0
StanfordAILab,0
Stanford,0
DeepSpiker,0
sedielem,0
AlecRad,0
adampaulcoates,0
soumithchintala,0
rsalakhu,0
dennybritz,0
hugo_larochelle,0
OriolVinyalsML,0
NandoDF,0
fchollet,0
medialab,0
hardmaru,0
goodfellow_ian,0
karpathy,0
AndrewYNg,0
ylecun,0
MIT_CSAIL,0
MIT,0
TensorFlow,0
GCPcloud,0
Memoirs,0
ML_NLP,0
JmlrOrg,0
icmlconf,0
NashSevereWx,0
RichardDawkins,0
USENIXSecurity,0
NDSSSymposium,0
IEEESSP,0
HackCU,0
jaredthecoder,0
ORNL_CISR,0
acm_ccs,0
derbyhacks4,0
knoxpytn,0
knoxdevs,0
hackutk,0
volhacks,0
Raspberry_Pi,0
arduino,0
adafruit,0
hackaday,0
McGillHacks,0
DubHacks,0
HackUMass,0
goHackRPI,0
HackTheNorth,0
LAHacks,0
VT_Hacks,0
CalHacks,0
HackIllinois,0
vandyhacks,0
hackBCA,0
hackatbrown,0
hackwithtrees,0
HackPrinceton,0
NYTM,0
hackNY,0
YaleHack,0
MLHacks,0
theHackRU,0
HackMIT,0
PennApps,0
Astro_Alex,0
bgreene,0
WestmonsterUK,0
NeilClark66,0
ianbremmer,0
MayorofLondon,0
LeaveEUOfficial,0
GerardBattenMEP,0
dw_politics,0
TechnicallyRon,0
peoplesvote_uk,0
LeaveMnsLeave,0
pmdfoster,0
rakyll,0
bradfitz,0
kelseyhightower,0
Oatmeal,0
mipsytipsy,0
emilianoucl,0
SDHacks,0
mhacks,0
ericschmidt,0
BlizzardCS,0
HackTX,0
erichorvitz,0
khanacademy,0
TwitterAPI,0
edXOnline,0
TwitterEng,0
GoogleForEdu,0
design,0
nvidia,0
skisidjames,0
Fombat2,0
davidschneider,0
Number10cat,0
Leeefc56,0
Joe_farrell10,0
BigLez10,0
jenson_mackie,0
alex_riveiro,0
PalestinePR,0
mrclatimer1985,0
Tomfurness2,0
ianrobo1,0
ledredman,0
DVATW,0
TheBlairDoc,0
sturdyAlex,0
cathgiav1,0
franklin405060,0
TorrinWilkins,0
talkimhangar7,0
TheBMA,0
WritersofColour,0
MikeStuchbery_,0
CushWake,0
MrHickmott,0
WYeates,0
fendrych_m,0
Leavememalone1,0
karenwatson53,0
PubRR,0
toooldforit,0
AckerooBanzai,0
RemainerNow,0
Snoozette1,0
OxfordDiplomat,0
CushieBetter,0
GVAivace,0
toryboypierce,0
MoggMentum,0
damocrat,0
profwolff,0
kirstenjh,0
redtillimdead99,0
SpiritMan_,0
politicshome,0
suziegeewizz,0
mashable,1
nbcnews,1
usnews,1
big_picture,1
theonion,1
TheAtlantic,1
time,1
breakingnews,1
bbcbreaking,1
espn,1
harvardbiz,1
gizmodo,1
techcrunch,1
wired,1
wsj,1
smashingmag,1
pitchforkmedia,1
rollingstone,1
whitehouse,1
cnn,1
tweetmeme,1
peoplemag,1
natgeosociety,1
nytimes,1
lifehacker,1
foxnews,1
waitwait,1
newsweek,1
HuffPost,1
newscientist,1
mental_floss,1
theeconomist,1
ndtv,1
emarketer,1
engadget,1
cracked,1
slate,1
bbcclick,1
fastcompany,1
incmagazine,1
BBCNews,1
abpnewstv,1
eonline,1
rww,1
tvOneNews,1
TimesNow,1
gdgt,1
instyle,1
mckquarterly,1
enews,1
nprnews,1
NPR,1
usatoday,1
mtv,1
freakonomics,1
boingboing,1
empiremagazine,1
todayshow,1
good,1
gawker,1
msnbc_breaking,1
cbsnews,1
guardiantech,1
usweekly,1
life,1
sciam,1
pastemagazine,1
drudge_report,1
parisreview,1
latimes,1
telegraphnews,1
abc7,1
arstechnica,1
cnnmoney,1
nprpolitics,1
nytimesphoto,1
nybooks,1
nielsen,1
io9,1
sciencechannel,1
usabreakingnews,1
vanityfairmag,1
cw_network,1
bbcworld,1
WashTimes,1
abc,1
themoment,1
socialmedia2day,1
slashdot,1
washingtonpost,1
tpmmedia,1
msnbc,1
wnycradiolab,1
davos,1
planetmoney,1
cnetnews,1
politico,1
tvnewser,1
guardiannews,1
yahoonews,1
seedmag,1
tvguide,1
travlandleisure,1
newyorkpost,1
discovermag,1
sciencenewsorg,1
NWS,1
AOL,1
NOAANCEIclimate,1
NOAASatellites,1
MWObs,1
nwas,1
AtmosNews,1
okmesonet,1
severeweatherEU,1
sunset_wx,1
atmolife,1
capitalweather,1
daily_wx,1
weather_history,1
tornado_talk,1
USTornadoes,1
thewxjunkies,1
wxornotBG,1
adamonzon,1
wxbrad,1
CherylNelsonTV,1
spann,1
JohnMoralesNBC6,1
KeithCarson,1
MaureenMcCann13,1
WXMolly,1
TimNBCBoston,1
TimBuckleyWX,1
DrAHButler,1
CalebGrunzke,1
ceober4,1
Derrick_Snyder,1
GarySzatkowski,1
ScienzaPiccola,1
morganabigail,1
ounwcm,1
TTrogdon,1
ZombieTrev5k,1
alopezlang,1
btangyWx,1
wxjay,1
VORTEXJeff,1
DrShepherd2013,1
shawnmilrad,1
sezick,1
AliciaMBentley,1
skydrama,1
antmasiello,1
anthonywx,1
windbarb,1
wx_becks,1
WxBDM,1
bryanwx,1
crankywxguy,1
weatherdak,1
DRmetwatch,1
wxdam,1
WxComm,1
HRRRison,1
islivingston,1
JackSillin,1
jsnaillonwx,1
wxjp2nyy,1
KathrynProciv,1
mapgirl18,1
TropicalTidbits,1
mattlanza,1
WesternMEwx,1
cnni,1
NOAABrauer,1
philklotzbach,1
AbainzaRalph,1
RCPMWx,1
splillo,1
SimonLeeWx,1
50ShadesofVan,1
NCSUmeteorology,1
PSU_RadarMeteo,1
WKUweather,1
adolwyn,1
TeenWeatherman,1
ChasingWithEcho,1
WxDeFlitch,1
Jeff_Piotrowski,1
wxmann,1
iCyclone,1
PaxPhotography,1
ReedTimmerAccu,1
BernadetteWoods,1
Climatologist49,1
ed_hawkins,1
KathieDello,1
LanMisty,1
lockingitin,1
paulythegun,1
KarlTheFog,1
NWSPodunk,1
stormchasernick,1
cnnbrk,1
WSJbreakingnews,1
ReutersLive,1
CBSTopNews,1
AJENews,1
SkyNewsBreak,1
ABCNewsLive,1
TWCBreaking,1
AP,1
googlenews,1
redditworldnews,1
Reuters,1
timesofindia,1
CNNEE,1
XHNews,1
AlArabiya,1
AJArabic,1
CGTNOfficial,1
SaudiNews50,1
cnnarabic,1
NoticiasRCN,1
axios,1
voxdotcom,1
vox_es,1
reveal,1
vicenews,1
BuzzFeedNews,1
nowthisnews,1
DEADLINE,1
qz,1
AFP,1
breakingstorm,1
BreakingNewsUK,1
politicony,1
WSJNY,1
splinter_news,1
themainichi,1
business,1
YonhapNews,1
haaretzcom,1
itvnews,1
businessinsider,1
Jerusalem_Post,1
ChicagoBreaking,1
latimeslive,1
SPIEGEL_English,1
nypost,1
ReutersUK,1
LANow,1
nytmedia,1
Independent,1
UpshotNYT,1
dealbook,1
NYTmag,1
ABCaustralia,1
Telegraph,1
frontlinepbs,1
thedailybeast,1
breakingnewsie,1
dallasnews,1
HuffPostPol,1
MailOnline,1
NYTMetro,1
csmonitor,1
nytclimate,1
BostonDotCom,1
Channel4News,1
PhillyInquirer,1
nytimestech,1
ColonelTribune,1
CNNPolitics,1
Suntimes,1
NYDailyNews,1
australian,1
DenverChannel,1
thetimes,1
AJEnglish,1
FinancialTimes,1
GizmodoAU,1
Oregonian,1
nytimesworld,1
NYTHealth,1
NYTNational,1
NYTSports,1
nytimesbusiness,1
nytimesarts,1
NYTScience,1
TheSun,1
DailyMirror,1
SkyNews,1
euronews,1
ScotNational,1
bpolitics,1
ReutersPolitics,1
NBCPolitics,1
cspan,1
DeptofDefense,1
UN,1
StateDept,1
MeetThePress,1
ABCPolitics,1
AP_Politics,1
PolitiFact,1
ForeignAffairs,1
ForeignPolicy,1
techreview,1
WhispersNewsLTD,1
guardian,1
Economia_3,1
mashable,1
